customer_name,contract_start,contract_end,annual_recurring_revenue,segment,region
Acme Corporation,2024-11-15,2025-11-15,2244000,smb,EMEA
Alder Works,2024-03-08,2025-03-08,314437,enterprise,APAC
Beacon Labs,2024-09-09,2025-09-09,127968,enterprise,APAC
Beacon Robotics,2024-07-19,2025-07-19,329062,mid,EMEA
Birch Systems,2024-04-05,2025-04-05,321750,enterprise,EMEA
Borealis Health,2024-02-25,2025-02-25,303468,smb,NA
Cinder Works,2024-03-21,2025-03-21,36562,smb,APAC
Cove Media,2024-07-20,2025-07-20,285187,smb,EMEA
Delta Freight,2024-07-20,2025-07-20,299812,mid,APAC
Dune Freight,2024-05-18,2025-05-18,80437,smb,APAC
Dune Robotics,2024-12-04,2025-12-04,252281,enterprise,APAC
Fjord Health,2024-05-25,2025-05-25,343687,enterprise,EMEA
Fjord Media,2024-02-10,2025-02-10,117000,mid,NA
Fjord Robotics,2024-08-01,2025-08-01,76781,enterprise,APAC
Gale Freight,2024-05-17,2025-05-17,219375,smb,APAC
Gale Robotics,2024-02-28,2025-02-28,179156,enterprise,EMEA
Grove Media,2024-11-17,2025-11-17,127968,enterprise,NA
Harbor Health,2024-03-12,2025-03-12,299812,smb,APAC
Harbor Systems,2024-09-01,2025-09-01,325406,enterprise,EMEA
Helios Logistics,2024-08-01,2025-08-01,263250,smb,EMEA
Juniper Works,2024-05-08,2025-05-08,106031,smb,NA
Kelp Freight,2024-10-03,2025-10-03,321750,smb,APAC
Kelp Health,2024-08-27,2025-08-27,153562,smb,APAC
Kestrel Bank,2024-03-05,2025-03-05,361968,enterprise,EMEA
Mesa Labs,2024-09-06,2025-09-06,365625,mid,APAC
Mesa Robotics,2024-10-14,2025-10-14,29250,smb,APAC
Nimbus Works,2024-12-23,2025-12-23,109687,smb,APAC
Orchid Group,2024-05-13,2025-05-13,18281,enterprise,APAC
Orchid Labs,2024-06-15,2025-06-15,149906,enterprise,EMEA
Quay Systems,2024-02-08,2025-02-08,190125,smb,NA
Ridgeline Systems,2024-06-01,2025-06-01,127968,enterprise,APAC
Ridgeline Works,2024-04-19,2025-04-19,32906,smb,NA
Summit Labs,2024-02-23,2025-02-23,102375,enterprise,NA
Summit Media,2024-04-03,2025-04-03,266906,smb,EMEA
Vertex Analytics,2024-02-17,2025-02-17,336375,smb,EMEA
Vertex Labs,2024-11-16,2025-11-16,149906,smb,APAC
Willow Media,2024-03-24,2025-03-24,102375,enterprise,APAC
Willow Works,2024-08-08,2025-08-08,307125,mid,EMEA
Xenon Media,2024-04-04,2025-04-04,234000,smb,APAC
Yonder Analytics,2024-07-12,2025-07-12,186480,mid,EMEA
